id,first_name,last_name,email,gender
1,Marley,Braams,mbraams0@paypal.com,Female
2,Pincas,Jewiss,pjewiss1@ucoz.com,Male
3,Willie,Addicott,waddicott2@berkeley.edu,Female
4,Madelin,Kedie,mkedie3@vistaprint.com,Female
5,Adriane,Ready,aready4@blogs.com,Female
6,Valentine,Tinson,vtinson5@paypal.com,Male
7,Ronnie,Jankovsky,rjankovsky6@vkontakte.ru,Male
8,Clovis,Gian,cgian7@boston.com,Female
9,Rodney,Roylance,rroylance8@tinypic.com,Male
10,Kerstin,Espina,kespina9@amazon.com,Female
11,Vail,Stoddart,vstoddarta@addthis.com,Male
12,Meredith,Semken,msemkenb@discuz.net,Female
13,Clive,Bresson,cbressonc@reuters.com,Male
14,Wakefield,Pippin,wpippind@usda.gov,Male
15,Xerxes,Sapshed,xsapshede@baidu.com,Male
16,Cleavland,Solomon,csolomonf@clickbank.net,Male
17,Freddie,Hadwick,fhadwickg@linkedin.com,Male
18,Randee,Rosenhaus,rrosenhaush@shutterfly.com,Female
19,Panchito,Beernaert,pbeernaerti@posterous.com,Male
20,Guinna,Walkey,gwalkeyj@e-recht24.de,Female
21,Kaila,Hairesnape,khairesnapek@house.gov,Female
22,Sebastien,Morriarty,smorriartyl@etsy.com,Male
23,Geneva,Petric,gpetricm@wp.com,Female
24,Rollie,Denkin,rdenkinn@slideshare.net,Male
25,Rafaela,Hardbattle,rhardbattleo@163.com,Female
26,Aldridge,Brise,abrisep@opensource.org,Male
27,Nicolas,Assur,nassurq@dmoz.org,Male
28,Lauree,Edmunds,ledmundsr@java.com,Female
29,Helen-elizabeth,Biddle,hbiddles@ucsd.edu,Female
30,Bernie,Reynold,breynoldt@sitemeter.com,Female
31,Adoree,Beresford,aberesfordu@goo.gl,Female
32,Demetris,Pendrigh,dpendrighv@wisc.edu,Male
33,Eunice,Stothart,estothartw@google.pl,Female
34,Clayson,Bessom,cbessomx@biglobe.ne.jp,Male
35,Mary,Seely,mseelyy@constantcontact.com,Female
36,Ulises,Blackhall,ublackhallz@usnews.com,Male
37,Guglielmo,Jeannesson,gjeannesson10@gmpg.org,Male
38,Valle,Simmons,vsimmons11@rambler.ru,Male
39,Gabriel,Livingston,glivingston12@feedburner.com,Female
40,Ian,Vanichkin,ivanichkin13@dmoz.org,Male
41,Claire,Cicci,ccicci14@prlog.org,Female
42,Theo,Stenton,tstenton15@ca.gov,Female
43,Mariana,Clissell,mclissell16@va.gov,Female
44,Winnifred,Mourge,wmourge17@shareasale.com,Female
45,Devonne,Kellaway,dkellaway18@geocities.com,Female
46,Willem,Fayers,wfayers19@plala.or.jp,Male
47,Rosabel,Mockett,rmockett1a@amazon.de,Female
48,Wilmer,Felkin,wfelkin1b@bloglines.com,Male
49,Helaine,Dudman,hdudman1c@prnewswire.com,Female
50,Joey,Byars,jbyars1d@comsenz.com,Female
51,Gris,De Angelis,gdeangelis1e@seattletimes.com,Male
52,Nadine,Ganders,nganders1f@pagesperso-orange.fr,Female
53,Jourdan,Middlemass,jmiddlemass1g@marriott.com,Female
54,Tucky,MacRanald,tmacranald1h@biblegateway.com,Male
55,Gerhardt,Salman,gsalman1i@mac.com,Male
56,Meir,Gulc,mgulc1j@free.fr,Male
57,Shepperd,Myderscough,smyderscough1k@usnews.com,Male
58,Felicia,Dossettor,fdossettor1l@craigslist.org,Female
59,Rosabel,Burman,rburman1m@newsvine.com,Female
60,Grace,Kowalik,gkowalik1n@hugedomains.com,Female
61,Armin,Loomis,aloomis1o@dmoz.org,Male
62,Mariam,Bon,mbon1p@columbia.edu,Female
63,Boyd,Stennet,bstennet1q@dell.com,Male
64,Ileane,Trowler,itrowler1r@example.com,Female
65,Lola,Gounel,lgounel1s@netvibes.com,Female
66,Aprilette,Imos,aimos1t@github.com,Female
67,Pembroke,Itzik,pitzik1u@163.com,Male
68,Cyrillus,Cotes,ccotes1v@amazonaws.com,Male
69,Adela,Loan,aloan1w@bizjournals.com,Female
70,Hew,Wooland,hwooland1x@imageshack.us,Male
71,Jillana,Zohrer,jzohrer1y@gmpg.org,Female
72,Kath,Fairleigh,kfairleigh1z@unc.edu,Female
73,Mignon,Entres,mentres20@slashdot.org,Female
74,Reggi,Armor,rarmor21@scribd.com,Female
75,Barney,Weatherell,bweatherell22@google.fr,Male
76,Augie,Toor,atoor23@comsenz.com,Male
77,Stacey,Colbourn,scolbourn24@imdb.com,Female
78,Tiphany,Brunel,tbrunel25@illinois.edu,Female
79,Marnie,Tabord,mtabord26@odnoklassniki.ru,Female
80,Noelyn,Moysey,nmoysey27@europa.eu,Female
81,Elston,Versey,eversey28@google.fr,Male
82,Othilia,Winnister,owinnister29@cmu.edu,Female
83,Orv,Grubb,ogrubb2a@list-manage.com,Male
84,Donnie,Letson,dletson2b@squidoo.com,Male
85,Libby,Antoons,lantoons2c@bloglovin.com,Female
86,Rachelle,Bernardinelli,rbernardinelli2d@apple.com,Female
87,Nannette,Giacomo,ngiacomo2e@1688.com,Female
88,Milton,Sabater,msabater2f@google.ca,Male
89,Piper,Eke,peke2g@gov.uk,Female
90,Eilis,Mitchall,emitchall2h@ustream.tv,Female
91,Eleanore,Hackworthy,ehackworthy2i@google.fr,Female
92,Gwenora,Pavlishchev,gpavlishchev2j@about.me,Female
93,Ellerey,Ather,eather2k@homestead.com,Male
94,Dieter,Bridie,dbridie2l@nhs.uk,Male
95,Liv,Wollrauch,lwollrauch2m@usda.gov,Female
96,Zacharia,Serris,zserris2n@army.mil,Male
97,Grover,Shrubb,gshrubb2o@techcrunch.com,Male
98,Jessica,Cornick,jcornick2p@behance.net,Female
99,Stearn,Ainsley,sainsley2q@gravatar.com,Male
100,Fleming,Bert,fbert2r@wix.com,Male
101,Corry,O'Heyne,coheyne2s@auda.org.au,Female
102,Maybelle,Paolone,mpaolone2t@linkedin.com,Female
103,Birk,Doerrling,bdoerrling2u@wordpress.org,Male
104,Lorinda,Toffalo,ltoffalo2v@adobe.com,Female
105,Betta,Cofax,bcofax2w@ftc.gov,Female
106,Terrye,Farens,tfarens2x@wisc.edu,Female
107,Valerie,McGoogan,vmcgoogan2y@timesonline.co.uk,Female
108,Ramonda,Pieters,rpieters2z@nytimes.com,Female
109,Cos,Sagg,csagg30@ifeng.com,Male
110,Roy,Baggiani,rbaggiani31@vimeo.com,Male
111,Kelsi,Dallinder,kdallinder32@tmall.com,Female
112,Brynne,Gouch,bgouch33@over-blog.com,Female
113,Philippe,Snawdon,psnawdon34@constantcontact.com,Female
114,Kent,Bofield,kbofield35@dmoz.org,Male
115,Eddy,MacTimpany,emactimpany36@netvibes.com,Male
116,Noelyn,Wynn,nwynn37@blogger.com,Female
117,Lanni,Phizackarley,lphizackarley38@reuters.com,Female
118,Gonzales,Bysouth,gbysouth39@php.net,Male
119,Alex,Dionisi,adionisi3a@chicagotribune.com,Male
120,Andre,Ivain,aivain3b@sphinn.com,Male
121,Lorrin,Nana,lnana3c@feedburner.com,Female
122,Brittney,Strauss,bstrauss3d@issuu.com,Female
123,Raine,Bennen,rbennen3e@pen.io,Female
124,Chantalle,Capener,ccapener3f@howstuffworks.com,Female
125,Thorn,Josefsson,tjosefsson3g@github.io,Male
126,Walsh,Levinge,wlevinge3h@xing.com,Male
127,Merrick,Mieville,mmieville3i@rambler.ru,Male
128,Tim,Aspin,taspin3j@youku.com,Female
129,Kalle,Gianelli,kgianelli3k@miitbeian.gov.cn,Male
130,Tessie,Fowles,tfowles3l@auda.org.au,Female
131,Marie-ann,Girardin,mgirardin3m@dagondesign.com,Female
132,Wadsworth,Carse,wcarse3n@ca.gov,Male
133,Shauna,Birth,sbirth3o@amazon.com,Female
134,Ermengarde,Wharin,ewharin3p@dyndns.org,Female
135,Darby,Poizer,dpoizer3q@apache.org,Male
136,Dennie,Massow,dmassow3r@domainmarket.com,Female
137,Ives,Muddimer,imuddimer3s@miitbeian.gov.cn,Male
138,Daniel,Caselli,dcaselli3t@biglobe.ne.jp,Male
139,Cooper,Clementet,cclementet3u@ezinearticles.com,Male
140,Faustina,Erangey,ferangey3v@yellowbook.com,Female
141,Dulsea,Chaloner,dchaloner3w@histats.com,Female
142,Eddy,Bromley,ebromley3x@cbsnews.com,Male
143,Tabby,Madigan,tmadigan3y@livejournal.com,Male
144,Farlay,Braz,fbraz3z@wsj.com,Male
145,Krissie,OIlier,koilier40@oracle.com,Female
146,Minni,Theuss,mtheuss41@tripadvisor.com,Female
147,Carmita,Spenton,cspenton42@netvibes.com,Female
148,Sondra,Backsal,sbacksal43@un.org,Female
149,Georgianna,Dener,gdener44@about.me,Female
150,Sawyere,Teresa,steresa45@dion.ne.jp,Male
151,Xavier,Gerardeaux,xgerardeaux46@fc2.com,Male
152,Bobby,Croix,bcroix47@themeforest.net,Female
153,Ginger,Minchin,gminchin48@geocities.jp,Female
154,Coop,Olyfant,colyfant49@vistaprint.com,Male
155,Corabella,Geraldini,cgeraldini4a@merriam-webster.com,Female
156,Bernetta,Eskrigge,beskrigge4b@bbc.co.uk,Female
157,Joella,Shackell,jshackell4c@mozilla.com,Female
158,Ophelia,Marion,omarion4d@biglobe.ne.jp,Female
159,Worthy,Frere,wfrere4e@webmd.com,Male
160,Carry,Hainsworth,chainsworth4f@youtu.be,Female
161,Sheena,Burnapp,sburnapp4g@jimdo.com,Female
162,Helenelizabeth,Bowlas,hbowlas4h@reuters.com,Female
163,Floris,Statersfield,fstatersfield4i@chicagotribune.com,Female
164,Ken,Dossetter,kdossetter4j@constantcontact.com,Male
165,Ogdon,Bromidge,obromidge4k@stumbleupon.com,Male
166,Vanda,Tomaszek,vtomaszek4l@people.com.cn,Female
167,Biddy,MacGiolla Pheadair,bmacgiollapheadair4m@mashable.com,Female
168,Artair,Oneile,aoneile4n@privacy.gov.au,Male
169,Dulcie,Jacob,djacob4o@oaic.gov.au,Female
170,Avivah,Challin,achallin4p@ox.ac.uk,Female
171,Paddy,Carstairs,pcarstairs4q@oracle.com,Male
172,Clare,Slocket,cslocket4r@reverbnation.com,Female
173,Hughie,Jaggs,hjaggs4s@studiopress.com,Male
174,Karney,Wodeland,kwodeland4t@ovh.net,Male
175,Pearline,Sancho,psancho4u@wiley.com,Female
176,Bobbi,Dibble,bdibble4v@lulu.com,Female
177,Ode,Fateley,ofateley4w@nydailynews.com,Male
178,Bat,Fache,bfache4x@imgur.com,Male
179,Lamond,Abels,labels4y@princeton.edu,Male
180,Jarrid,Coaten,jcoaten4z@github.com,Male
181,Elna,Alves,ealves50@businessweek.com,Female
182,Barny,Challener,bchallener51@gmpg.org,Male
183,Ennis,Benettelli,ebenettelli52@nytimes.com,Male
184,Ferdinanda,Heams,fheams53@mashable.com,Female
185,Leanor,Crose,lcrose54@google.co.jp,Female
186,Julita,Cogley,jcogley55@gravatar.com,Female
187,Karole,Wyant,kwyant56@google.cn,Female
188,Gary,Della Scala,gdellascala57@java.com,Male
189,Celestina,Wannes,cwannes58@mozilla.org,Female
190,Henrik,Chaloner,hchaloner59@usa.gov,Male
191,Kile,Kondratenko,kkondratenko5a@google.de,Male
192,Noella,Yoseloff,nyoseloff5b@utexas.edu,Female
193,Peirce,Syddall,psyddall5c@github.io,Male
194,Marlon,Vasquez,mvasquez5d@msn.com,Male
195,Allie,McNaughton,amcnaughton5e@mapquest.com,Male
196,Ardisj,Skilling,askilling5f@yahoo.co.jp,Female
197,Killie,Gostall,kgostall5g@blog.com,Male
198,Avery,Kimmince,akimmince5h@eepurl.com,Male
199,Norine,Philipp,nphilipp5i@reuters.com,Female
200,Aldric,Leinster,aleinster5j@huffingtonpost.com,Male
201,Olivie,Gurnell,ogurnell5k@craigslist.org,Female
202,Bentlee,Starr,bstarr5l@nbcnews.com,Male
203,Uriel,Roddam,uroddam5m@google.ca,Male
204,Errick,Gough,egough5n@constantcontact.com,Male
205,Gerhard,Blanko,gblanko5o@opensource.org,Male
206,Cristen,Ivens,civens5p@washingtonpost.com,Female
207,Jandy,Imlin,jimlin5q@bbc.co.uk,Female
208,Averyl,Vaisey,avaisey5r@pagesperso-orange.fr,Female
209,Fax,Muckle,fmuckle5s@tumblr.com,Male
210,Ursuline,Curman,ucurman5t@unicef.org,Female
211,Erhart,Baudi,ebaudi5u@blog.com,Male
212,Nani,Brazel,nbrazel5v@weibo.com,Female
213,Bartolomeo,Titlow,btitlow5w@acquirethisname.com,Male
214,Otha,Hrinchishin,ohrinchishin5x@loc.gov,Female
215,Reinaldo,Schuelcke,rschuelcke5y@newyorker.com,Male
216,Nikaniki,Wipfler,nwipfler5z@vimeo.com,Female
217,Jennie,Zecchinii,jzecchinii60@github.com,Female
218,Brennan,Lanahan,blanahan61@cdc.gov,Male
219,Gabriel,Ferryn,gferryn62@latimes.com,Male
220,Mano,Idle,midle63@jimdo.com,Male
221,Valry,Leney,vleney64@ehow.com,Female
222,Frazier,Bather,fbather65@uiuc.edu,Male
223,Reggis,Jochen,rjochen66@xing.com,Male
224,Aggy,Housecroft,ahousecroft67@ox.ac.uk,Female
225,Ofilia,Clericoates,oclericoates68@comsenz.com,Female
226,Haslett,Kisbee,hkisbee69@wordpress.com,Male
227,Anatola,Truss,atruss6a@independent.co.uk,Female
228,Arabela,Bycraft,abycraft6b@naver.com,Female
229,Thacher,Hansom,thansom6c@virginia.edu,Male
230,Normy,Tinline,ntinline6d@purevolume.com,Male
231,Ron,Fyrth,rfyrth6e@nsw.gov.au,Male
232,Ralph,Chazotte,rchazotte6f@springer.com,Male
233,Zoe,Sercombe,zsercombe6g@craigslist.org,Female
234,Gael,Kelly,gkelly6h@tuttocitta.it,Female
235,Johnathan,Hemstead,jhemstead6i@msn.com,Male
236,Arliene,Ingolotti,aingolotti6j@comsenz.com,Female
237,Cleavland,Uglow,cuglow6k@ow.ly,Male
238,Yardley,Bartoszek,ybartoszek6l@shareasale.com,Male
239,Jaymie,Klimmek,jklimmek6m@si.edu,Male
240,Filide,Punyer,fpunyer6n@craigslist.org,Female
241,Nevil,Page,npage6o@kickstarter.com,Male
242,Ervin,Meynell,emeynell6p@ucsd.edu,Male
243,Kincaid,Ranfield,kranfield6q@parallels.com,Male
244,Emlynn,Benedicte,ebenedicte6r@noaa.gov,Female
245,Ossie,Sarjeant,osarjeant6s@goodreads.com,Male
246,Betsey,Roalfe,broalfe6t@constantcontact.com,Female
247,Granny,Pardew,gpardew6u@unblog.fr,Male
248,Philomena,Heiner,pheiner6v@europa.eu,Female
249,Ailee,Fulker,afulker6w@dell.com,Female
250,Catina,Linneman,clinneman6x@xing.com,Female
251,Lionel,Parmer,lparmer6y@flavors.me,Male
252,Nolie,Panswick,npanswick6z@mayoclinic.com,Female
253,Cynde,Gauler,cgauler70@surveymonkey.com,Female
254,Lissy,MacAulay,lmacaulay71@auda.org.au,Female
255,Jacqui,Champkin,jchampkin72@ox.ac.uk,Female
256,Elvyn,McCaig,emccaig73@nps.gov,Male
257,Estel,Dafydd,edafydd74@ifeng.com,Female
258,Mikaela,Sapwell,msapwell75@discovery.com,Female
259,Robbie,Baldacco,rbaldacco76@google.it,Female
260,Robinia,Hortop,rhortop77@mozilla.com,Female
261,Arlin,Mylechreest,amylechreest78@nature.com,Male
262,Boycey,Eteen,beteen79@adobe.com,Male
263,Cristiano,Echelle,cechelle7a@economist.com,Male
264,Sayres,Landor,slandor7b@imdb.com,Male
265,Rhett,Rangle,rrangle7c@hud.gov,Male
266,Bobbette,Hardware,bhardware7d@ehow.com,Female
267,Lewes,Clacey,lclacey7e@hubpages.com,Male
268,Carlynn,Claiden,cclaiden7f@unesco.org,Female
269,Joelly,Hiom,jhiom7g@intel.com,Female
270,Ciro,Dalyiel,cdalyiel7h@shop-pro.jp,Male
271,Randi,Tapenden,rtapenden7i@sfgate.com,Female
272,Pearline,Janson,pjanson7j@creativecommons.org,Female
273,Duffie,Lamlin,dlamlin7k@indiegogo.com,Male
274,Consuelo,Readhead,creadhead7l@pbs.org,Female
275,Kaleena,Innocent,kinnocent7m@howstuffworks.com,Female
276,Georgianna,Delieu,gdelieu7n@discovery.com,Female
277,Krissy,Kohn,kkohn7o@jimdo.com,Female
278,Novelia,Widdall,nwiddall7p@ucoz.ru,Female
279,Lebbie,Ondrasek,londrasek7q@amazon.co.uk,Female
280,Gerri,Hand,ghand7r@123-reg.co.uk,Male
281,Tim,Heibl,theibl7s@state.tx.us,Female
282,Benton,Barden,bbarden7t@sfgate.com,Male
283,Clo,Whittuck,cwhittuck7u@goodreads.com,Female
284,Redd,Ayre,rayre7v@liveinternet.ru,Male
285,Lillian,Commings,lcommings7w@t.co,Female
286,Darlleen,Maneylaws,dmaneylaws7x@telegraph.co.uk,Female
287,Adelaida,Saberton,asaberton7y@prlog.org,Female
288,Maurine,Rushmare,mrushmare7z@jiathis.com,Female
289,Stormie,Kidson,skidson80@acquirethisname.com,Female
290,Rickert,Ickovits,rickovits81@gov.uk,Male
291,Cheri,Wippermann,cwippermann82@yellowpages.com,Female
292,Nonah,Danilovitch,ndanilovitch83@addthis.com,Female
293,Becka,Tunnadine,btunnadine84@geocities.com,Female
294,Gavrielle,Faithfull,gfaithfull85@nature.com,Female
295,Tory,Bygrave,tbygrave86@infoseek.co.jp,Female
296,Sansone,Gerrietz,sgerrietz87@bloomberg.com,Male
297,Hurleigh,Welldrake,hwelldrake88@unesco.org,Male
298,Joseito,Couldwell,jcouldwell89@deviantart.com,Male
299,Warner,Clogg,wclogg8a@ovh.net,Male
300,Demetris,Dargan,ddargan8b@harvard.edu,Male
301,Bellanca,Ekell,bekell8c@pbs.org,Female
302,Reid,Hanington,rhanington8d@globo.com,Male
303,Simone,Frizzell,sfrizzell8e@guardian.co.uk,Female
304,Judy,Lake,jlake8f@bing.com,Female
305,Nell,Ipsly,nipsly8g@ask.com,Female
306,Archibold,Ortet,aortet8h@unicef.org,Male
307,Sol,Duigan,sduigan8i@mayoclinic.com,Male
308,Fallon,Callard,fcallard8j@unc.edu,Female
309,Harrie,Boorer,hboorer8k@senate.gov,Female
310,Johna,Winscum,jwinscum8l@jimdo.com,Female
311,Leonardo,Maddaford,lmaddaford8m@un.org,Male
312,Jeremie,Joplin,jjoplin8n@soup.io,Male
313,Say,McGougan,smcgougan8o@dailymotion.com,Male
314,Diandra,Harsent,dharsent8p@go.com,Female
315,Brandyn,Paddington,bpaddington8q@ocn.ne.jp,Male
316,Leah,Spiniello,lspiniello8r@yelp.com,Female
317,Ward,Elijah,welijah8s@phoca.cz,Male
318,Gabey,Cleef,gcleef8t@pen.io,Female
319,Powell,Southcott,psouthcott8u@cocolog-nifty.com,Male
320,Caspar,Cordier,ccordier8v@economist.com,Male
321,Diego,Sedger,dsedger8w@bizjournals.com,Male
322,Lawrence,de Merida,ldemerida8x@nih.gov,Male
323,Mahmud,Struss,mstruss8y@alibaba.com,Male
324,Schuyler,Menaul,smenaul8z@mashable.com,Male
325,Wynny,Chestnut,wchestnut90@live.com,Female
326,Elysia,Elgar,eelgar91@mashable.com,Female
327,Olenka,Vobes,ovobes92@usa.gov,Female
328,Panchito,Kick,pkick93@craigslist.org,Male
329,Sallyanne,Breckin,sbreckin94@earthlink.net,Female
330,Giffy,Toal,gtoal95@jiathis.com,Male
331,Rolando,Mangam,rmangam96@networksolutions.com,Male
332,Berky,Gremain,bgremain97@indiatimes.com,Male
333,Mychal,Millis,mmillis98@netscape.com,Male
334,Farley,McIlwraith,fmcilwraith99@stumbleupon.com,Male
335,Luca,Hussell,lhussell9a@blogger.com,Male
336,Irv,Wathan,iwathan9b@abc.net.au,Male
337,Dorette,Hanley,dhanley9c@ucoz.com,Female
338,Guinevere,Methuen,gmethuen9d@slideshare.net,Female
339,Towney,Ungerer,tungerer9e@ezinearticles.com,Male
340,Sharyl,Keary,skeary9f@columbia.edu,Female
341,Quincey,Sybbe,qsybbe9g@yellowbook.com,Male
342,Emyle,Tidbold,etidbold9h@sogou.com,Female
343,Simmonds,Barclay,sbarclay9i@fda.gov,Male
344,Micky,Ceschini,mceschini9j@google.co.jp,Male
345,Philip,Cropp,pcropp9k@paginegialle.it,Male
346,Danielle,Rudloff,drudloff9l@free.fr,Female
347,Clarisse,Laming,claming9m@hud.gov,Female
348,Cheslie,Strick,cstrick9n@about.me,Female
349,Lorena,Rosenhaupt,lrosenhaupt9o@issuu.com,Female
350,Amalia,Pell,apell9p@unblog.fr,Female
351,Sebastiano,Leverson,sleverson9q@google.co.jp,Male
352,Marlow,Chapling,mchapling9r@wikimedia.org,Male
353,Reinhold,Aikett,raikett9s@scientificamerican.com,Male
354,Trish,Stapells,tstapells9t@aol.com,Female
355,Lorelei,Perks,lperks9u@gnu.org,Female
356,Pearline,Mallabund,pmallabund9v@apple.com,Female
357,Koren,Doerffer,kdoerffer9w@livejournal.com,Female
358,Halley,Stell,hstell9x@cocolog-nifty.com,Female
359,Konstantin,Pulbrook,kpulbrook9y@infoseek.co.jp,Male
360,Editha,Corking,ecorking9z@deviantart.com,Female
361,Jessalin,Moyer,jmoyera0@g.co,Female
362,Cesar,Ruggen,cruggena1@google.de,Male
363,Belva,Krzyzaniak,bkrzyzaniaka2@dagondesign.com,Female
364,Neddy,Gotcher,ngotchera3@miitbeian.gov.cn,Male
365,Whitney,Crady,wcradya4@ezinearticles.com,Male
366,Swen,Sussams,ssussamsa5@bbc.co.uk,Male
367,Marris,Derrell,mderrella6@hibu.com,Female
368,Heidi,Huxley,hhuxleya7@newsvine.com,Female
369,Dulciana,Ravilious,draviliousa8@dailymotion.com,Female
370,Sharron,Duffitt,sduffitta9@simplemachines.org,Female
371,Zaneta,Diggell,zdiggellaa@posterous.com,Female
372,Maximilian,Pocock,mpocockab@bbc.co.uk,Male
373,Adaline,Gateman,agatemanac@ehow.com,Female
374,Teddie,Tidmarsh,ttidmarshad@xing.com,Female
375,Paloma,Temblett,ptemblettae@xrea.com,Female
376,Millie,Neubigging,mneubiggingaf@163.com,Female
377,Lucho,Levensky,llevenskyag@wikispaces.com,Male
378,Gisela,de Keyser,gdekeyserah@sitemeter.com,Female
379,Cherilyn,Reeder,creederai@patch.com,Female
380,Con,Whaites,cwhaitesaj@forbes.com,Female
381,Weber,Hackley,whackleyak@wsj.com,Male
382,Yorke,Larmour,ylarmoural@telegraph.co.uk,Male
383,Britt,Ferencowicz,bferencowiczam@sogou.com,Male
384,Hatty,Bresson,hbressonan@whitehouse.gov,Female
385,Elliot,Childs,echildsao@goodreads.com,Male
386,Anestassia,Escudier,aescudierap@uiuc.edu,Female
387,Brody,Whaplington,bwhaplingtonaq@npr.org,Male
388,Laurianne,Toomer,ltoomerar@fotki.com,Female
389,Estrella,Farlow,efarlowas@nytimes.com,Female
390,Bentlee,Blackah,bblackahat@surveymonkey.com,Male
391,Norry,Snewin,nsnewinau@privacy.gov.au,Male
392,Payton,Gaveltone,pgaveltoneav@blogspot.com,Male
393,Konrad,Axtonne,kaxtonneaw@mayoclinic.com,Male
394,Ryley,Ruilton,rruiltonax@si.edu,Male
395,Jerald,Altree,jaltreeay@reddit.com,Male
396,Odetta,Jinkinson,ojinkinsonaz@virginia.edu,Female
397,Dominga,Meritt,dmerittb0@clickbank.net,Female
398,Mervin,Kettlestringe,mkettlestringeb1@nhs.uk,Male
399,Sandro,Lacer,slacerb2@spotify.com,Male
400,Darelle,Chadbourne,dchadbourneb3@examiner.com,Female
401,Diego,Demkowicz,ddemkowiczb4@live.com,Male
402,Kennith,Gisburne,kgisburneb5@meetup.com,Male
403,Rufe,Morfield,rmorfieldb6@engadget.com,Male
404,Moise,Siggee,msiggeeb7@elegantthemes.com,Male
405,Gwenny,Beausang,gbeausangb8@prweb.com,Female
406,Farley,Havick,fhavickb9@zdnet.com,Male
407,Tiphany,Heskin,theskinba@myspace.com,Female
408,Eugene,Christiensen,echristiensenbb@wired.com,Male
409,Ernestus,Linggard,elinggardbc@buzzfeed.com,Male
410,Jerrilyn,Stanford,jstanfordbd@t.co,Female
411,Aurelie,Heenan,aheenanbe@ovh.net,Female
412,Morty,Tuxsell,mtuxsellbf@yelp.com,Male
413,Darrell,Jess,djessbg@delicious.com,Male
414,Giulia,Baddoe,gbaddoebh@xing.com,Female
415,Nat,Rockall,nrockallbi@kickstarter.com,Female
416,Adriaens,Tulk,atulkbj@printfriendly.com,Female
417,My,Cribbins,mcribbinsbk@gmpg.org,Male
418,Lucilia,Renner,lrennerbl@technorati.com,Female
419,Ralf,Dallow,rdallowbm@discovery.com,Male
420,Corbet,Farquhar,cfarquharbn@engadget.com,Male
421,Benjamin,Kinnerley,bkinnerleybo@pinterest.com,Male
422,Burch,Housby,bhousbybp@ted.com,Male
423,Baird,Ikringill,bikringillbq@miibeian.gov.cn,Male
424,Damita,Grestie,dgrestiebr@google.ru,Female
425,Cthrine,Tolemache,ctolemachebs@vkontakte.ru,Female
426,Lance,McGuiney,lmcguineybt@diigo.com,Male
427,Fina,Maasze,fmaaszebu@gov.uk,Female
428,Jarvis,Herreran,jherreranbv@123-reg.co.uk,Male
429,Nowell,Claxson,nclaxsonbw@techcrunch.com,Male
430,Abey,Hendrikse,ahendriksebx@alibaba.com,Male
431,Costanza,Slarke,cslarkeby@fda.gov,Female
432,Virgilio,Mose,vmosebz@lycos.com,Male
433,Audre,MacNockater,amacnockaterc0@cargocollective.com,Female
434,Corie,Gotthard,cgotthardc1@fotki.com,Female
435,Tamar,Ciobotaru,tciobotaruc2@imageshack.us,Female
436,Mariejeanne,Methringham,mmethringhamc3@china.com.cn,Female
437,Birgitta,Hulmes,bhulmesc4@ask.com,Female
438,Bailey,Crankshaw,bcrankshawc5@wikia.com,Male
439,Jeremy,Jobey,jjobeyc6@1und1.de,Male
440,Elladine,McIlwraith,emcilwraithc7@redcross.org,Female
441,Marlene,Branni,mbrannic8@deviantart.com,Female
442,Marge,Body,mbodyc9@berkeley.edu,Female
443,Byram,Sinton,bsintonca@techcrunch.com,Male
444,Cedric,Loukes,cloukescb@ocn.ne.jp,Male
445,Kristofer,Lovat,klovatcc@unblog.fr,Male
446,Tremain,Arenson,tarensoncd@bbc.co.uk,Male
447,Genovera,Howell,ghowellce@elegantthemes.com,Female
448,Goraud,Fancett,gfancettcf@craigslist.org,Male
449,Nevin,Truett,ntruettcg@hexun.com,Male
450,Quill,Skirvane,qskirvanech@marketwatch.com,Male
451,Bari,Waldram,bwaldramci@last.fm,Female
452,Seth,Sparshott,ssparshottcj@europa.eu,Male
453,Allix,Minker,aminkerck@icq.com,Female
454,Julie,Avesque,javesquecl@xinhuanet.com,Male
455,Anallise,Kelston,akelstoncm@goo.ne.jp,Female
456,Matty,Sandiford,msandifordcn@printfriendly.com,Male
457,Mariya,Rubega,mrubegaco@mit.edu,Female
458,Dewitt,Manning,dmanningcp@nature.com,Male
459,Lisabeth,Feyer,lfeyercq@domainmarket.com,Female
460,Bel,Climer,bclimercr@dropbox.com,Female
461,Poul,Garaghan,pgaraghancs@yolasite.com,Male
462,Jayson,Goss,jgossct@i2i.jp,Male
463,Kriste,Addess,kaddesscu@deviantart.com,Female
464,Brewster,Menendes,bmenendescv@freewebs.com,Male
465,Mikkel,Kendrick,mkendrickcw@nifty.com,Male
466,Obed,Winear,owinearcx@loc.gov,Male
467,Fergus,Birdwistle,fbirdwistlecy@rediff.com,Male
468,Kristine,Ianiello,kianiellocz@phpbb.com,Female
469,Bartram,Bonfield,bbonfieldd0@facebook.com,Male
470,Elliot,Verchambre,everchambred1@live.com,Male
471,Trista,Powlesland,tpowleslandd2@pinterest.com,Female
472,Julie,Daskiewicz,jdaskiewiczd3@mail.ru,Male
473,Nicolas,Reidie,nreidied4@wisc.edu,Male
474,Robbyn,Stiegar,rstiegard5@hatena.ne.jp,Female
475,Camella,Scarborough,cscarboroughd6@accuweather.com,Female
476,Abeu,Elsie,aelsied7@zdnet.com,Male
477,Harriette,Cisco,hciscod8@biglobe.ne.jp,Female
478,Amalle,Harford,aharfordd9@google.ru,Female
479,Tomaso,Baugh,tbaughda@blogspot.com,Male
480,Randie,Longley,rlongleydb@last.fm,Female
481,Tony,Lyndon,tlyndondc@joomla.org,Female
482,Ellerey,Volkes,evolkesdd@digg.com,Male
483,Marabel,Audus,maudusde@pbs.org,Female
484,Wilona,Exrol,wexroldf@deviantart.com,Female
485,Rosetta,Glaisner,rglaisnerdg@sciencedaily.com,Female
486,Kerr,Kilby,kkilbydh@zdnet.com,Male
487,Gilberta,Pendrid,gpendriddi@mapy.cz,Female
488,Missy,Verity,mveritydj@army.mil,Female
489,Carlita,Perel,cpereldk@uiuc.edu,Female
490,Xavier,Holbury,xholburydl@tinyurl.com,Male
491,Bobinette,Bahde,bbahdedm@sfgate.com,Female
492,Brion,Simmings,bsimmingsdn@storify.com,Male
493,Anjela,Linfitt,alinfittdo@unicef.org,Female
494,Feliza,Morkham,fmorkhamdp@bloomberg.com,Female
495,Cory,Habbes,chabbesdq@unblog.fr,Female
496,Rasia,Graves,rgravesdr@weebly.com,Female
497,Belita,Dury,bduryds@slate.com,Female
498,Shermie,Martinets,smartinetsdt@google.com.hk,Male
499,Jemie,Varnam,jvarnamdu@mozilla.org,Female
500,Lilia,Magson,lmagsondv@goo.gl,Female
501,Kriste,Chapelle,kchapelledw@xrea.com,Female
502,Paulette,Cicci,pciccidx@unesco.org,Female
503,Phillipe,Plaskett,pplaskettdy@networksolutions.com,Male
504,Lynne,Sever,lseverdz@ucoz.ru,Female
505,Gerry,Alleburton,galleburtone0@issuu.com,Male
506,Ivy,Selbie,iselbiee1@guardian.co.uk,Female
507,Guenevere,Beeke,gbeekee2@sakura.ne.jp,Female
508,Baillie,Casarili,bcasarilie3@sourceforge.net,Male
509,Bernete,Crottagh,bcrottaghe4@wix.com,Female
510,Bambie,Forcade,bforcadee5@reverbnation.com,Female
511,Francois,Legendre,flegendree6@netscape.com,Male
512,Claribel,Roarty,croartye7@amazon.com,Female
513,Lisetta,Francescoccio,lfrancescoccioe8@unicef.org,Female
514,Lola,Baudi,lbaudie9@xinhuanet.com,Female
515,Nester,Dulinty,ndulintyea@yale.edu,Male
516,Carlin,Boissieux,cboissieuxeb@hp.com,Male
517,Jenn,Blaszczyk,jblaszczykec@hexun.com,Female
518,Sholom,Cammacke,scammackeed@github.io,Male
519,Gannon,MacTavish,gmactavishee@diigo.com,Male
520,Matti,Felgat,mfelgatef@nationalgeographic.com,Female
521,Lani,Baggarley,lbaggarleyeg@chron.com,Female
522,Coralie,Livingston,clivingstoneh@businesswire.com,Female
523,Art,Kraft,akraftei@reuters.com,Male
524,Kenon,Catchpole,kcatchpoleej@clickbank.net,Male
525,Rosamund,Anneslie,ranneslieek@harvard.edu,Female
526,Cale,Flescher,cflescherel@addtoany.com,Male
527,Lyndell,Bowater,lbowaterem@fc2.com,Female
528,Jecho,Maunsell,jmaunsellen@dailymail.co.uk,Male
529,Hansiain,Edmund,hedmundeo@skyrock.com,Male
530,Jesus,Samsworth,jsamsworthep@bluehost.com,Male
531,Wileen,Springthorpe,wspringthorpeeq@fema.gov,Female
532,Osmund,Smewing,osmewinger@wikispaces.com,Male
533,Bobine,Bartol,bbartoles@ustream.tv,Female
534,Clare,Jellico,cjellicoet@nps.gov,Female
535,Rockwell,Whawell,rwhawelleu@tinyurl.com,Male
536,Sherwood,Vivyan,svivyanev@stanford.edu,Male
537,Faye,Jordon,fjordonew@arstechnica.com,Female
538,Dalli,Britee,dbriteeex@moonfruit.com,Male
539,Damara,Cucinotta,dcucinottaey@umn.edu,Female
540,Christi,Terbrug,cterbrugez@apple.com,Female
541,Penelopa,Lehrian,plehrianf0@uol.com.br,Female
542,Silvie,Zwicker,szwickerf1@bing.com,Female
543,Ezekiel,Niblo,eniblof2@walmart.com,Male
544,Tillie,Deshon,tdeshonf3@oracle.com,Female
545,Bale,Stuckow,bstuckowf4@ucsd.edu,Male
546,Curran,Ferrer,cferrerf5@cdbaby.com,Male
547,Avigdor,Deetlof,adeetloff6@alibaba.com,Male
548,Abdul,Itzkovsky,aitzkovskyf7@va.gov,Male
549,Aron,Pitsall,apitsallf8@godaddy.com,Male
550,Tansy,Scaysbrook,tscaysbrookf9@hibu.com,Female
551,Stearne,Dufoure,sdufourefa@sakura.ne.jp,Male
552,Modestia,Boother,mbootherfb@icq.com,Female
553,Fiann,Daughtery,fdaughteryfc@eventbrite.com,Female
554,Millicent,Egle,meglefd@digg.com,Female
555,Broderic,Demaine,bdemainefe@berkeley.edu,Male
556,Karisa,Scarrott,kscarrottff@dell.com,Female
557,Ardine,Matzaitis,amatzaitisfg@oaic.gov.au,Female
558,Ellynn,Berick,eberickfh@fc2.com,Female
559,Felipa,Reichert,freichertfi@t.co,Female
560,Abie,Angrick,aangrickfj@dell.com,Male
561,Jeri,Brazel,jbrazelfk@squarespace.com,Female
562,Lucio,Cusick,lcusickfl@narod.ru,Male
563,Igor,Duffill,iduffillfm@tinyurl.com,Male
564,Conny,Cullivan,ccullivanfn@4shared.com,Female
565,Denys,Trighton,dtrightonfo@deviantart.com,Female
566,Ania,Dell Casa,adellcasafp@wikia.com,Female
567,Catrina,MacColm,cmaccolmfq@bing.com,Female
568,Lida,Costley,lcostleyfr@sina.com.cn,Female
569,Mollie,More,mmorefs@wp.com,Female
570,Caleb,Buston,cbustonft@mail.ru,Male
571,Meggy,Dawdary,mdawdaryfu@netlog.com,Female
572,Durand,Greenin,dgreeninfv@t.co,Male
573,Myrwyn,McCrann,mmccrannfw@unc.edu,Male
574,Laurie,Murrell,lmurrellfx@home.pl,Male
575,Tulley,Brugsma,tbrugsmafy@nba.com,Male
576,Bernete,Ratcliffe,bratcliffefz@deliciousdays.com,Female
577,Crystie,Comettoi,ccomettoig0@4shared.com,Female
578,Desdemona,Dunkerton,ddunkertong1@walmart.com,Female
579,Daryle,Hambidge,dhambidgeg2@amazon.co.uk,Male
580,Garrett,Dorwood,gdorwoodg3@issuu.com,Male
581,Gerhardine,Longthorn,glongthorng4@vk.com,Female
582,Hanson,Brownlie,hbrownlieg5@youtu.be,Male
583,Suki,Crunkhorn,scrunkhorng6@tamu.edu,Female
584,Laird,Canario,lcanariog7@multiply.com,Male
585,Zebadiah,Oliffe,zoliffeg8@fc2.com,Male
586,Emerson,Anniwell,eanniwellg9@i2i.jp,Male
587,Grannie,Jurries,gjurriesga@slideshare.net,Male
588,Gran,Egan,gegangb@paypal.com,Male
589,Corie,Oldnall,coldnallgc@irs.gov,Female
590,Jacquelynn,Bernardon,jbernardongd@aol.com,Female
591,Claudina,McLinden,cmclindenge@goo.ne.jp,Female
592,Alexander,Wilshaw,awilshawgf@newyorker.com,Male
593,Dalt,Duligal,dduligalgg@merriam-webster.com,Male
594,Matty,Nanetti,mnanettigh@bloglines.com,Male
595,Bird,MacMoyer,bmacmoyergi@imageshack.us,Female
596,Roddie,Colbeck,rcolbeckgj@theglobeandmail.com,Male
597,Timi,Hackley,thackleygk@google.co.uk,Female
598,Arni,Conaboy,aconaboygl@hostgator.com,Male
599,Burt,Cunradi,bcunradigm@hugedomains.com,Male
600,Pansy,Danbury,pdanburygn@wiley.com,Female
601,Tull,Sizland,tsizlandgo@people.com.cn,Male
602,Kilian,Pettko,kpettkogp@soup.io,Male
603,Ketty,Durie,kduriegq@dailymail.co.uk,Female
604,Bengt,McKeighan,bmckeighangr@blogspot.com,Male
605,Grata,Gove,ggovegs@loc.gov,Female
606,Maxie,Marquez,mmarquezgt@marriott.com,Female
607,Aurel,Jerrems,ajerremsgu@nifty.com,Female
608,Marchall,Bessom,mbessomgv@mozilla.org,Male
609,Norman,Maddocks,nmaddocksgw@printfriendly.com,Male
610,Yovonnda,Rehm,yrehmgx@state.gov,Female
611,Sammie,Marston,smarstongy@tripod.com,Male
612,Kelsey,Murrthum,kmurrthumgz@wix.com,Male
613,Anatole,D'Alesco,adalescoh0@usa.gov,Male
614,Crysta,Simoens,csimoensh1@reuters.com,Female
615,Trevor,Klagges,tklaggesh2@rediff.com,Male
616,Mattie,Bottrill,mbottrillh3@friendfeed.com,Female
617,Burl,Stevenson,bstevensonh4@hc360.com,Male
618,Coleman,Vice,cviceh5@ibm.com,Male
619,Shae,Barthorpe,sbarthorpeh6@comcast.net,Female
620,Carolyne,Guillotin,cguillotinh7@msu.edu,Female
621,Britt,Garnsey,bgarnseyh8@wikimedia.org,Female
622,Henryetta,Pellew,hpellewh9@nbcnews.com,Female
623,Marcille,Jowett,mjowettha@nsw.gov.au,Female
624,Husain,Basler,hbaslerhb@disqus.com,Male
625,Alanson,MacPike,amacpikehc@seattletimes.com,Male
626,Bruno,Tucknutt,btucknutthd@europa.eu,Male
627,Nikos,Foss,nfosshe@narod.ru,Male
628,Abbye,Goburn,agoburnhf@berkeley.edu,Female
629,Joyan,Farrey,jfarreyhg@seattletimes.com,Female
630,Morse,Hourihan,mhourihanhh@unicef.org,Male
631,Ludovico,MacElholm,lmacelholmhi@devhub.com,Male
632,Sergio,Kleen,skleenhj@youku.com,Male
633,Cristionna,Vannet,cvannethk@independent.co.uk,Female
634,Berget,Clemendet,bclemendethl@csmonitor.com,Female
635,Benji,Peirpoint,bpeirpointhm@over-blog.com,Male
636,Lydon,Haffenden,lhaffendenhn@odnoklassniki.ru,Male
637,Maxie,Worvell,mworvellho@auda.org.au,Male
638,Devina,Kurten,dkurtenhp@jalbum.net,Female
639,Esra,Reddlesden,ereddlesdenhq@un.org,Male
640,Mitchael,Roo,mroohr@house.gov,Male
641,Jocelin,Elman,jelmanhs@macromedia.com,Female
642,Osmund,Sutherns,osuthernsht@flavors.me,Male
643,Tadeas,Featherstonhaugh,tfeatherstonhaughhu@blogspot.com,Male
644,Darrelle,Hischke,dhischkehv@1688.com,Female
645,Bengt,Oene,boenehw@mlb.com,Male
646,Arda,Fluger,aflugerhx@google.co.uk,Female
647,Tobit,Thiese,tthiesehy@sfgate.com,Male
648,Margaux,Connell,mconnellhz@businessinsider.com,Female
649,Vidovic,Savell,vsavelli0@tumblr.com,Male
650,Beniamino,Saulter,bsaulteri1@marriott.com,Male
651,Isador,Teasdale-Markie,iteasdalemarkiei2@drupal.org,Male
652,Rochella,Maxstead,rmaxsteadi3@abc.net.au,Female
653,Nelli,Dellenbrok,ndellenbroki4@yale.edu,Female
654,Bard,Pilbury,bpilburyi5@skyrock.com,Male
655,Horst,Matton,hmattoni6@etsy.com,Male
656,Ardyce,Titmarsh,atitmarshi7@reference.com,Female
657,Thorn,Tale,ttalei8@indiatimes.com,Male
658,Emmie,Ickovic,eickovici9@ycombinator.com,Female
659,Cody,Fessby,cfessbyia@wikimedia.org,Female
660,Rosamond,Kehoe,rkehoeib@acquirethisname.com,Female
661,Elisha,Maulden,emauldenic@so-net.ne.jp,Male
662,Kareem,Lemin,kleminid@msn.com,Male
663,Kennedy,Mullany,kmullanyie@home.pl,Male
664,Julieta,Brent,jbrentif@columbia.edu,Female
665,Tamqrah,Clemence,tclemenceig@nih.gov,Female
666,Rosetta,Gounel,rgounelih@adobe.com,Female
667,Tymon,Raithbie,traithbieii@godaddy.com,Male
668,Shayne,Habeshaw,shabeshawij@cbslocal.com,Female
669,Gavan,Worlock,gworlockik@sina.com.cn,Male
670,Mandie,Cronshaw,mcronshawil@studiopress.com,Female
671,Angelle,Gealle,agealleim@sciencedirect.com,Female
672,Edmund,Robbey,erobbeyin@paginegialle.it,Male
673,Reggis,Pye,rpyeio@mozilla.org,Male
674,Dorita,McIvor,dmcivorip@about.com,Female
675,Arin,Fawdrie,afawdrieiq@bloglines.com,Male
676,Kort,Bidmead,kbidmeadir@sohu.com,Male
677,Hubie,Demageard,hdemageardis@webnode.com,Male
678,Orland,Augustus,oaugustusit@meetup.com,Male
679,Bo,Eacott,beacottiu@github.io,Male
680,Clotilda,Medmore,cmedmoreiv@cocolog-nifty.com,Female
681,Wolfie,Justis,wjustisiw@disqus.com,Male
682,Adara,Troke,atrokeix@de.vu,Female
683,Templeton,Adenot,tadenotiy@ox.ac.uk,Male
684,Bettye,Van Arsdale,bvanarsdaleiz@addtoany.com,Female
685,Meg,Oulner,moulnerj0@sun.com,Female
686,Aile,Vousden,avousdenj1@dot.gov,Female
687,Bailie,Acock,bacockj2@blogspot.com,Male
688,Jordain,Hattam,jhattamj3@marriott.com,Female
689,Brigham,Doyland,bdoylandj4@discovery.com,Male
690,D'arcy,Casburn,dcasburnj5@furl.net,Male
691,Donella,Piscopo,dpiscopoj6@usatoday.com,Female
692,Hunfredo,Nusche,hnuschej7@irs.gov,Male
693,Sondra,Twigley,stwigleyj8@1und1.de,Female
694,Harli,Doumenc,hdoumencj9@dion.ne.jp,Female
695,Sumner,Infante,sinfanteja@mediafire.com,Male
696,Farrah,Pragnell,fpragnelljb@phpbb.com,Female
697,Wernher,Able,wablejc@amazon.co.uk,Male
698,Eleonore,Dodson,edodsonjd@redcross.org,Female
699,Roxy,Lobb,rlobbje@vinaora.com,Female
700,Joceline,McIlenna,jmcilennajf@w3.org,Female
701,Antony,Killshaw,akillshawjg@webeden.co.uk,Male
702,Ambrosio,Weeks,aweeksjh@europa.eu,Male
703,Asa,Smiz,asmizji@discovery.com,Male
704,Melisenda,Gottelier,mgottelierjj@devhub.com,Female
705,Lura,Della Scala,ldellascalajk@php.net,Female
706,Sigvard,Santora,ssantorajl@amazon.de,Male
707,Cirillo,Durbin,cdurbinjm@macromedia.com,Male
708,Darell,Dreinan,ddreinanjn@geocities.jp,Female
709,Marlin,Spoor,mspoorjo@netscape.com,Male
710,Cecilla,Pendleberry,cpendleberryjp@google.fr,Female
711,Garrett,Havelin,ghavelinjq@sitemeter.com,Male
712,Yuma,Jorioz,yjoriozjr@epa.gov,Male
713,Whit,Bellin,wbellinjs@hubpages.com,Male
714,Evelin,Fenn,efennjt@cbsnews.com,Male
715,Budd,Gasperi,bgasperiju@tripadvisor.com,Male
716,Mellisent,Malbon,mmalbonjv@cbslocal.com,Female
717,Joscelin,Bunch,jbunchjw@quantcast.com,Female
718,Albrecht,Ghest,aghestjx@jugem.jp,Male
719,Rich,Sebright,rsebrightjy@canalblog.com,Male
720,Aldis,Alenichicov,aalenichicovjz@jugem.jp,Male
721,Peadar,Entres,pentresk0@nhs.uk,Male
722,Carl,LeEstut,cleestutk1@jugem.jp,Male
723,Flo,Brushneen,fbrushneenk2@360.cn,Female
724,Marcelo,Ozelton,mozeltonk3@seattletimes.com,Male
725,Holly,Tomasoni,htomasonik4@typepad.com,Male
726,Faun,Shall,fshallk5@imgur.com,Female
727,Aymer,Vigar,avigark6@toplist.cz,Male
728,Trev,Bernhart,tbernhartk7@wikispaces.com,Male
729,Carlin,Nulty,cnultyk8@icio.us,Male
730,Lloyd,Pressey,lpresseyk9@webeden.co.uk,Male
731,Timothea,Castard,tcastardka@tuttocitta.it,Female
732,Normand,Winram,nwinramkb@flickr.com,Male
733,Joeann,Iannuzzelli,jiannuzzellikc@linkedin.com,Female
734,Ewan,Barabisch,ebarabischkd@mayoclinic.com,Male
735,Kym,Birley,kbirleyke@unicef.org,Female
736,Dedie,Pasby,dpasbykf@tripod.com,Female
737,Rodrique,Chamberlin,rchamberlinkg@prnewswire.com,Male
738,Janis,Wadhams,jwadhamskh@digg.com,Female
739,Tomas,St. Pierre,tstpierreki@google.fr,Male
740,Kevon,Guile,kguilekj@sciencedaily.com,Male
741,Enrique,Kennedy,ekennedykk@addtoany.com,Male
742,Myriam,Feak,mfeakkl@eventbrite.com,Female
743,Fulton,Benzing,fbenzingkm@jugem.jp,Male
744,Eleni,Danieli,edanielikn@ft.com,Female
745,Amargo,Lightbourn,alightbournko@microsoft.com,Female
746,Quinlan,Feaviour,qfeaviourkp@businessweek.com,Male
747,Carny,Geraud,cgeraudkq@state.tx.us,Male
748,Tallulah,Raddin,traddinkr@nbcnews.com,Female
749,Kimberli,Ventura,kventuraks@irs.gov,Female
750,Garv,Tidmas,gtidmaskt@wp.com,Male
751,Nevil,Pabst,npabstku@ifeng.com,Male
752,Datha,Goldman,dgoldmankv@jiathis.com,Female
753,Randie,Leworthy,rleworthykw@fema.gov,Male
754,Seth,Schiefersten,sschieferstenkx@imgur.com,Male
755,Kath,Dinsey,kdinseyky@whitehouse.gov,Female
756,Ellette,McMains,emcmainskz@dmoz.org,Female
757,Janifer,McGaughay,jmcgaughayl0@ted.com,Female
758,Kean,Naughton,knaughtonl1@japanpost.jp,Male
759,Marinna,Farries,mfarriesl2@digg.com,Female
760,Maura,Naile,mnailel3@gmpg.org,Female
761,Rolf,Pariss,rparissl4@a8.net,Male
762,Ferdinanda,Ferrao,fferraol5@indiegogo.com,Female
763,Krystyna,Lampet,klampetl6@hud.gov,Female
764,Karel,Poat,kpoatl7@deliciousdays.com,Female
765,Alexis,Morsey,amorseyl8@xinhuanet.com,Male
766,Tallou,Mulvin,tmulvinl9@gov.uk,Female
767,Alfie,Terzo,aterzola@nbcnews.com,Female
768,Alie,Bowyer,abowyerlb@constantcontact.com,Female
769,Jude,Fancourt,jfancourtlc@admin.ch,Male
770,Alexandr,Hoonahan,ahoonahanld@dion.ne.jp,Male
771,Glynn,Balffye,gbalffyele@samsung.com,Male
772,Bernardina,Ceccoli,bceccolilf@ed.gov,Female
773,Garrick,Speer,gspeerlg@accuweather.com,Male
774,Audi,Temprell,atemprelllh@mapquest.com,Female
775,Wilhelm,Swanbourne,wswanbourneli@techcrunch.com,Male
776,Tobias,Antonias,tantoniaslj@g.co,Male
777,Lennie,Ashment,lashmentlk@bravesites.com,Male
778,Francine,Springate,fspringatell@nifty.com,Female
779,Celie,McCord,cmccordlm@homestead.com,Female
780,Isac,Klezmski,iklezmskiln@apple.com,Male
781,Bertine,Blackwood,bblackwoodlo@hubpages.com,Female
782,Sarette,Maloney,smaloneylp@ibm.com,Female
783,Ray,Hastelow,rhastelowlq@bluehost.com,Male
784,Lanie,Vedeshkin,lvedeshkinlr@csmonitor.com,Female
785,Gustavus,Butcher,gbutcherls@guardian.co.uk,Male
786,Hermy,O'Beirne,hobeirnelt@dmoz.org,Male
787,Des,Georgelin,dgeorgelinlu@barnesandnoble.com,Male
788,Llywellyn,Brookwell,lbrookwelllv@yahoo.com,Male
789,Donia,Wederell,dwederelllw@ask.com,Female
790,Dominick,Zanardii,dzanardiilx@telegraph.co.uk,Male
791,Timi,Yegorov,tyegorovly@meetup.com,Female
792,Mead,Fairfoull,mfairfoulllz@spiegel.de,Female
793,Karin,Dormand,kdormandm0@blogtalkradio.com,Female
794,Valry,Marsden,vmarsdenm1@imgur.com,Female
795,Georgeanne,McCarthy,gmccarthym2@flavors.me,Female
796,Aube,Nano,ananom3@timesonline.co.uk,Male
797,Whit,McWhirter,wmcwhirterm4@zdnet.com,Male
798,Rodge,Bartley,rbartleym5@senate.gov,Male
799,Gerrilee,Minghi,gminghim6@loc.gov,Female
800,Justin,Lace,jlacem7@berkeley.edu,Male
801,Lorraine,Pender,lpenderm8@diigo.com,Female
802,Raoul,Runcieman,rrunciemanm9@amazon.co.uk,Male
803,Alix,Chaise,achaisema@ning.com,Male
804,Melva,Windley,mwindleymb@photobucket.com,Female
805,Agnella,Copp,acoppmc@nsw.gov.au,Female
806,Zora,Hayhoe,zhayhoemd@amazon.co.jp,Female
807,Ilario,Halse,ihalseme@youku.com,Male
808,Martie,Chestle,mchestlemf@google.pl,Female
809,Prue,Hunting,phuntingmg@smugmug.com,Female
810,Diane-marie,Olfert,dolfertmh@npr.org,Female
811,Benson,Bissex,bbissexmi@engadget.com,Male
812,Stefa,Pignon,spignonmj@abc.net.au,Female
813,Pearle,Fink,pfinkmk@mit.edu,Female
814,Bryant,Jeafferson,bjeaffersonml@netvibes.com,Male
815,Phillipp,Sola,psolamm@cdc.gov,Male
816,Cleavland,Poulden,cpouldenmn@wix.com,Male
817,Kasper,Druitt,kdruittmo@wiley.com,Male
818,Yevette,Longmore,ylongmoremp@ox.ac.uk,Female
819,Aldo,Muldoon,amuldoonmq@state.gov,Male
820,Rois,Dain,rdainmr@usnews.com,Female
821,Alejandro,Oswick,aoswickms@psu.edu,Male
822,Dino,Holehouse,dholehousemt@omniture.com,Male
823,Eleni,Shadrach,eshadrachmu@who.int,Female
824,Freida,Rounds,froundsmv@npr.org,Female
825,Maximilian,Krahl,mkrahlmw@senate.gov,Male
826,Roth,Jeste,rjestemx@infoseek.co.jp,Male
827,Donnamarie,Von Helmholtz,dvonhelmholtzmy@hexun.com,Female
828,Shaylah,Frake,sfrakemz@fc2.com,Female
829,Archer,Scollan,ascollann0@infoseek.co.jp,Male
830,Lars,Rapsey,lrapseyn1@icq.com,Male
831,Ronald,Tolfrey,rtolfreyn2@marketwatch.com,Male
832,Lorena,Di Giacomettino,ldigiacomettinon3@blinklist.com,Female
833,Woodrow,Wilprecht,wwilprechtn4@who.int,Male
834,Kermie,Blumfield,kblumfieldn5@instagram.com,Male
835,Germaine,Pautard,gpautardn6@artisteer.com,Female
836,Elisabet,Shemming,eshemmingn7@forbes.com,Female
837,Alexa,Forlonge,aforlongen8@cargocollective.com,Female
838,Kimberlee,Eouzan,keouzann9@addtoany.com,Female
839,Fredrick,L'Homme,flhommena@washington.edu,Male
840,Bjorn,Neeves,bneevesnb@sohu.com,Male
841,Richy,Broek,rbroeknc@wiley.com,Male
842,La verne,Matkin,lmatkinnd@ucla.edu,Female
843,Nils,McCuis,nmccuisne@china.com.cn,Male
844,Chucho,Walters,cwaltersnf@ow.ly,Male
845,Vanda,Stacey,vstaceyng@ycombinator.com,Female
846,Sheelagh,Nolot,snolotnh@slideshare.net,Female
847,Estella,Birchwood,ebirchwoodni@uol.com.br,Female
848,Kary,Hadgkiss,khadgkissnj@theguardian.com,Female
849,Martie,Rittelmeyer,mrittelmeyernk@meetup.com,Female
850,Wilmer,Bushrod,wbushrodnl@google.nl,Male
851,Mireielle,Czadla,mczadlanm@yale.edu,Female
852,Lauren,Oran,lorannn@sogou.com,Female
853,Shane,Gewer,sgewerno@geocities.jp,Female
854,Ruy,Sherel,rsherelnp@vk.com,Male
855,Garreth,MacAlaster,gmacalasternq@163.com,Male
856,Philbert,Woodes,pwoodesnr@imdb.com,Male
857,Margaret,Bartelet,mbarteletns@woothemes.com,Female
858,Genevra,Cuddehy,gcuddehynt@ucoz.ru,Female
859,Feliks,Tabor,ftabornu@smugmug.com,Male
860,Carrie,Scanlan,cscanlannv@apache.org,Female
861,Ara,O'Kielt,aokieltnw@ifeng.com,Male
862,Della,Pryell,dpryellnx@purevolume.com,Female
863,Tan,Grosvener,tgrosvenerny@google.pl,Male
864,Gerrie,Rudwell,grudwellnz@infoseek.co.jp,Female
865,Barbaraanne,Bartoszewicz,bbartoszewiczo0@sfgate.com,Female
866,Gabie,Axleby,gaxlebyo1@yandex.ru,Female
867,Clayson,Scattergood,cscattergoodo2@hc360.com,Male
868,Tiffi,Quested,tquestedo3@cnbc.com,Female
869,Babbie,Rattery,bratteryo4@npr.org,Female
870,Karlotta,Bisatt,kbisatto5@apple.com,Female
871,Gustavo,Graffham,ggraffhamo6@4shared.com,Male
872,Riobard,Frankcom,rfrankcomo7@ask.com,Male
873,Avram,Mellmer,amellmero8@dailymail.co.uk,Male
874,Donella,Joncic,djoncico9@mashable.com,Female
875,Desdemona,MacAlpin,dmacalpinoa@ox.ac.uk,Female
876,Vernen,Aubray,vaubrayob@webs.com,Male
877,Cory,Rojel,crojeloc@unc.edu,Male
878,Lesli,Pellatt,lpellattod@java.com,Female
879,Adorne,Jarrard,ajarrardoe@wix.com,Female
880,Harley,Witcherley,hwitcherleyof@sfgate.com,Female
881,Koral,Raiman,kraimanog@theglobeandmail.com,Female
882,Gothart,Cauderlie,gcauderlieoh@unesco.org,Male
883,Mead,Handlin,mhandlinoi@joomla.org,Male
884,Ellis,Bault,ebaultoj@bluehost.com,Male
885,Melva,Feedham,mfeedhamok@alexa.com,Female
886,Gearalt,Halson,ghalsonol@addtoany.com,Male
887,Hatti,Chippin,hchippinom@blog.com,Female
888,Codi,Dicks,cdickson@odnoklassniki.ru,Female
889,Stillman,Golt,sgoltoo@hp.com,Male
890,Veda,More,vmoreop@google.ru,Female
891,Darelle,Chazerand,dchazerandoq@behance.net,Female
892,Hynda,Purtell,hpurtellor@about.com,Female
893,Burr,Hardinge,bhardingeos@virginia.edu,Male
894,Ash,Navarre,anavarreot@amazon.com,Male
895,Joscelin,Bardill,jbardillou@miibeian.gov.cn,Female
896,Tallulah,Kick,tkickov@altervista.org,Female
897,Rolando,Pappin,rpappinow@vimeo.com,Male
898,Bard,Samwyse,bsamwyseox@noaa.gov,Male
899,Neddy,Coad,ncoadoy@lycos.com,Male
900,Sarene,Cressingham,scressinghamoz@creativecommons.org,Female
901,Savina,Tigner,stignerp0@indiatimes.com,Female
902,Candy,Coonihan,ccoonihanp1@360.cn,Female
903,Mack,Nelthrop,mnelthropp2@twitter.com,Male
904,Neall,Fourmy,nfourmyp3@wsj.com,Male
905,Stanfield,Trevascus,strevascusp4@cdbaby.com,Male
906,Fabian,Rylatt,frylattp5@technorati.com,Male
907,Paige,Kleint,pkleintp6@soup.io,Male
908,Fonzie,Sarfatti,fsarfattip7@apple.com,Male
909,Fairlie,Bewlie,fbewliep8@amazonaws.com,Male
910,Cecil,Heddan,cheddanp9@japanpost.jp,Male
911,Nancy,Ovill,novillpa@devhub.com,Female
912,Burty,Renachowski,brenachowskipb@yahoo.co.jp,Male
913,Bogart,Pountain,bpountainpc@fema.gov,Male
914,Judd,Oxenham,joxenhampd@alibaba.com,Male
915,Cristobal,Widdison,cwiddisonpe@google.com,Male
916,Aretha,Laweles,alawelespf@buzzfeed.com,Female
917,Avram,Tansly,atanslypg@mayoclinic.com,Male
918,Cello,Puddifer,cpuddiferph@umn.edu,Male
919,Alec,Rudd,aruddpi@indiegogo.com,Male
920,Cynthie,Vasilyevski,cvasilyevskipj@reuters.com,Female
921,Reinald,Newgrosh,rnewgroshpk@economist.com,Male
922,Rora,Blakeborough,rblakeboroughpl@webs.com,Female
923,Jobyna,Linnitt,jlinnittpm@cpanel.net,Female
924,Angelika,Espine,aespinepn@icq.com,Female
925,Dee,Bowers,dbowerspo@ftc.gov,Female
926,Chaim,Kegan,ckeganpp@yahoo.co.jp,Male
927,Ealasaid,Nobles,enoblespq@census.gov,Female
928,Barde,Dumingos,bdumingospr@reverbnation.com,Male
929,Melitta,Colchett,mcolchettps@dmoz.org,Female
930,Moise,Guitonneau,mguitonneaupt@oaic.gov.au,Male
931,Goraud,Nares,gnarespu@epa.gov,Male
932,Hebert,Laminman,hlaminmanpv@taobao.com,Male
933,Lammond,Franzotto,lfranzottopw@usatoday.com,Male
934,Wylma,Henner,whennerpx@chronoengine.com,Female
935,Kary,Livick,klivickpy@opensource.org,Female
936,Ashil,Winckles,awincklespz@constantcontact.com,Female
937,Nell,Earley,nearleyq0@washingtonpost.com,Female
938,Bern,Blakeway,bblakewayq1@newsvine.com,Male
939,Lurleen,Farlham,lfarlhamq2@theguardian.com,Female
940,Stearn,Georg,sgeorgq3@cdbaby.com,Male
941,Janice,Maine,jmaineq4@ox.ac.uk,Female
942,Lebbie,Clemenceau,lclemenceauq5@cocolog-nifty.com,Female
943,Sonny,Hebble,shebbleq6@bloomberg.com,Female
944,Jard,Pardew,jpardewq7@economist.com,Male
945,Scotti,Schinetti,sschinettiq8@biglobe.ne.jp,Male
946,Giffie,Lenard,glenardq9@nifty.com,Male
947,Jaclin,Ingliss,jinglissqa@themeforest.net,Female
948,Chance,Fursland,cfurslandqb@prweb.com,Male
949,Reade,Maddick,rmaddickqc@irs.gov,Male
950,Petronilla,Salzburger,psalzburgerqd@chron.com,Female
951,Jobie,Stonuary,jstonuaryqe@wired.com,Female
952,Orel,Woodruffe,owoodruffeqf@creativecommons.org,Female
953,Alfredo,Mortel,amortelqg@nifty.com,Male
954,Dinny,Rockliffe,drockliffeqh@fda.gov,Female
955,Titos,Jelf,tjelfqi@a8.net,Male
956,Garrik,Eeles,geelesqj@soup.io,Male
957,Clem,Burgett,cburgettqk@paypal.com,Male
958,Aldrich,Dymock,adymockql@europa.eu,Male
959,Maren,Mion,mmionqm@noaa.gov,Female
960,Audre,Roadnight,aroadnightqn@un.org,Female
961,Gerta,Woloschinski,gwoloschinskiqo@stumbleupon.com,Female
962,Darda,Foulis,dfoulisqp@chicagotribune.com,Female
963,Gustavo,Cakes,gcakesqq@sun.com,Male
964,Cordey,Chuck,cchuckqr@canalblog.com,Female
965,Stevie,Whorf,swhorfqs@live.com,Male
966,Leontine,Streeton,lstreetonqt@businessinsider.com,Female
967,Saxe,Padley,spadleyqu@squarespace.com,Male
968,Ileane,Murfett,imurfettqv@nydailynews.com,Female
969,Lynelle,Castan,lcastanqw@prlog.org,Female
970,Lucinda,Elegood,lelegoodqx@wikia.com,Female
971,Sheelagh,Fulham,sfulhamqy@ucla.edu,Female
972,Cicely,Ucchino,cucchinoqz@flavors.me,Female
973,Roxana,Faloon,rfaloonr0@elegantthemes.com,Female
974,Grazia,Rolingson,grolingsonr1@joomla.org,Female
975,Raimondo,Manzell,rmanzellr2@purevolume.com,Male
976,Heriberto,Drewson,hdrewsonr3@wisc.edu,Male
977,Elliott,Antosik,eantosikr4@phpbb.com,Male
978,Cosimo,Le Cornu,clecornur5@imdb.com,Male
979,Inez,McAline,imcaliner6@gizmodo.com,Female
980,Pacorro,McLarens,pmclarensr7@friendfeed.com,Male
981,Ellwood,O'Gready,eogreadyr8@sbwire.com,Male
982,Broddy,Brastead,bbrasteadr9@google.com.br,Male
983,Mariana,Zemler,mzemlerra@bizjournals.com,Female
984,Raynor,Girling,rgirlingrb@mail.ru,Male
985,Ulric,Ind,uindrc@elegantthemes.com,Male
986,Alvis,McConnel,amcconnelrd@istockphoto.com,Male
987,Cora,Bedingfield,cbedingfieldre@apple.com,Female
988,Jeremy,Mengue,jmenguerf@technorati.com,Male
989,Lissy,Fletham,lflethamrg@abc.net.au,Female
990,Juieta,Thackston,jthackstonrh@paypal.com,Female
991,Babette,Gostick,bgostickri@boston.com,Female
992,Brant,Angelini,bangelinirj@hugedomains.com,Male
993,Maggee,Pengilly,mpengillyrk@storify.com,Female
994,Monty,Sollis,msollisrl@reverbnation.com,Male
995,Stace,Longland,slonglandrm@imdb.com,Female
996,Neysa,Spivey,nspiveyrn@unicef.org,Female
997,Llewellyn,Porritt,lporrittro@barnesandnoble.com,Male
998,Kessiah,Gerckens,kgerckensrp@gov.uk,Female
999,Jimmy,Emlyn,jemlynrq@devhub.com,Male
1000,Morganica,Daymond,mdaymondrr@blinklist.com,Female
